Date,Lo 30,Med 40,Hi 30
2018-11-29,   -0.52,   -0.16,   -0.21
2018-11-30,    0.31,    0.63,    0.84
2018-12-03,    0.96,    1.10,    1.14
2018-12-04,   -4.29,   -4.20,   -3.33
2018-12-06,   -0.23,   -0.44,   -0.11
2018-12-07,   -1.78,   -2.20,   -2.39
2018-12-10,   -0.30,   -0.48,    0.20
2018-12-11,   -0.40,   -0.28,   -0.03
2018-12-12,    1.25,    1.17,    0.62
2018-12-13,   -1.79,   -1.51,   -0.04
2018-12-14,   -1.55,   -1.62,   -1.92
2018-12-17,   -2.21,   -2.34,   -2.07
2018-12-18,   -0.46,   -0.02,    0.00
2018-12-19,   -1.95,   -1.87,   -1.53
2018-12-20,   -2.00,   -1.63,   -1.58
2018-12-21,   -2.56,   -2.46,   -2.10
2018-12-24,   -1.38,   -2.09,   -2.63
2018-12-26,    4.34,    5.11,    5.09
2018-12-27,   -0.04,    0.45,    0.86
2018-12-28,    1.14,    0.10,   -0.08
2018-12-31,    0.81,    1.00,    0.90
2019-01-02,    1.57,    0.24,    0.20
2019-01-03,   -1.82,   -1.94,   -2.52
2019-01-04,    3.78,    3.77,    3.52
2019-01-07,    1.93,    1.72,    0.81
2019-01-08,    1.16,    1.52,    0.95
2019-01-09,    0.80,    0.96,    0.46
2019-01-10,    0.05,    0.63,    0.40
2019-01-11,    0.24,    0.13,   -0.03
2019-01-14,   -1.15,   -0.63,   -0.55
2019-01-15,    0.91,    0.79,    1.09
2019-01-16,    0.50,    0.63,    0.24
2019-01-17,    0.73,    1.00,    0.78
2019-01-18,    0.73,    1.49,    1.31
2019-01-22,   -1.76,   -1.75,   -1.47
2019-01-23,   -0.28,   -0.27,    0.24
2019-01-24,    0.66,    0.84,    0.15
2019-01-25,    1.27,    1.23,    0.85
2019-01-28,   -1.03,   -0.36,   -0.84
2019-01-29,   -0.27,   -0.08,   -0.19
2019-01-30,    1.10,    0.98,    1.60
2019-01-31,    0.80,    0.76,    0.93
2019-02-01,    0.16,    0.48,    0.11
2019-02-04,    1.04,    0.91,    0.71
2019-02-05,    0.34,    0.32,    0.46
2019-02-06,   -0.15,   -0.05,   -0.21
2019-02-07,   -1.15,   -0.82,   -0.93
2019-02-08,    0.19,    0.20,    0.09
2019-02-11,    0.86,    0.68,    0.07
2019-02-12,    1.32,    1.51,    1.36
2019-02-13,    0.51,    0.31,    0.28
2019-02-14,    0.19,    0.05,   -0.24
2019-02-15,    1.58,    1.30,    1.11
2019-02-19,    0.62,    0.27,    0.17
2019-02-20,    0.57,    0.40,    0.18
2019-02-21,   -0.38,   -0.31,   -0.36
2019-02-22,    0.99,    0.96,    0.60
2019-02-25,   -0.14,    0.09,    0.18
2019-02-26,   -0.65,   -0.75,   -0.06
2019-02-27,    0.26,    0.40,    0.06
2019-02-28,   -0.37,   -0.49,   -0.26
2019-03-01,    1.03,    0.88,    0.69
2019-03-04,   -0.88,   -0.85,   -0.44
2019-03-05,   -0.57,   -0.45,   -0.11
2019-03-06,   -2.28,   -1.62,   -0.68
2019-03-07,   -0.67,   -0.80,   -0.81
2019-03-08,   -0.18,   -0.24,   -0.21
2019-03-11,    1.83,    1.57,    1.47
2019-03-12,    0.07,    0.11,    0.28
2019-03-13,    0.50,    0.44,    0.71
2019-03-14,   -0.31,   -0.26,   -0.07
2019-03-15,    0.39,    0.28,    0.52
2019-03-18,    0.77,    0.72,    0.43
2019-03-19,   -0.48,   -0.55,    0.00
2019-03-20,   -0.56,   -0.93,   -0.32
2019-03-21,    0.86,    1.35,    1.09
2019-03-22,   -3.68,   -3.39,   -1.96
2019-03-25,    0.50,    0.30,   -0.09
2019-03-26,    0.86,    1.07,    0.73
2019-03-27,   -0.45,   -0.44,   -0.48
2019-03-28,    0.74,    0.90,    0.35
2019-03-29,    0.17,    0.51,    0.70
2019-04-01,    0.89,    1.39,    1.22
2019-04-02,   -0.07,   -0.18,   -0.02
2019-04-03,    0.49,    0.57,    0.24
2019-04-04,    0.35,    0.32,    0.19
2019-04-05,    1.01,    0.85,    0.47
2019-04-08,   -0.22,   -0.02,    0.12
2019-04-09,   -1.25,   -1.15,   -0.56
2019-04-10,    1.35,    1.15,    0.39
2019-04-11,   -0.20,    0.07,    0.03
2019-04-12,    0.05,    0.65,    0.67
2019-04-15,   -0.51,   -0.22,   -0.05
2019-04-16,    0.44,    0.37,    0.14
2019-04-17,   -1.06,   -0.91,   -0.19
2019-04-18,   -0.30,    0.04,    0.15
2019-04-22,   -0.26,   -0.27,    0.15
2019-04-23,    1.57,    1.46,    0.89
2019-04-24,    0.14,    0.08,   -0.26
2019-04-25,   -0.75,   -0.82,   -0.05
2019-04-26,    1.11,    0.96,    0.46
2019-04-29,    0.55,    0.34,    0.16
2019-04-30,   -0.86,   -0.29,    0.03
2019-05-01,   -0.75,   -1.15,   -0.78
2019-05-02,    0.22,    0.22,   -0.20
2019-05-03,    2.10,    1.70,    1.04
2019-05-06,    0.36,   -0.10,   -0.46
2019-05-07,   -1.88,   -1.87,   -1.65
2019-05-08,   -0.37,   -0.43,   -0.17
2019-05-09,   -0.20,   -0.36,   -0.27
2019-05-10,    0.19,    0.12,    0.38
2019-05-13,   -3.06,   -3.35,   -2.55
2019-05-14,    1.28,    1.31,    0.86
2019-05-15,    0.39,    0.34,    0.60
2019-05-16,    0.38,    0.83,    0.94
2019-05-17,   -1.39,   -1.30,   -0.61
2019-05-20,   -0.52,   -0.74,   -0.63
2019-05-21,    1.11,    1.43,    0.85
2019-05-22,   -0.96,   -0.86,   -0.34
2019-05-23,   -2.05,   -1.89,   -1.27
2019-05-24,    0.74,    0.69,    0.17
2019-05-28,   -0.42,   -0.77,   -0.80
2019-05-29,   -0.98,   -0.69,   -0.68
2019-05-30,   -0.21,   -0.14,    0.20
2019-05-31,   -1.62,   -1.24,   -1.38
2019-06-03,    0.08,    0.33,   -0.49
2019-06-04,    2.36,    2.96,    2.26
2019-06-05,   -0.48,    0.25,    0.78
2019-06-06,   -0.54,    0.10,    0.65
2019-06-07,    1.00,    0.68,    1.09
2019-06-10,    0.55,    0.76,    0.53
2019-06-11,   -0.55,   -0.21,   -0.05
2019-06-12,    0.12,   -0.08,   -0.24
2019-06-13,    1.10,    0.82,    0.44
2019-06-14,   -0.78,   -0.83,   -0.17
2019-06-17,    0.72,    0.23,    0.10
2019-06-18,    1.10,    1.24,    1.03
2019-06-19,    0.48,    0.32,    0.29
2019-06-20,    0.36,    0.68,    0.97
2019-06-21,   -0.57,   -0.63,   -0.14
2019-06-24,   -1.36,   -1.01,   -0.20
2019-06-25,   -0.51,   -0.69,   -1.02
2019-06-26,   -0.16,    0.01,   -0.04
2019-06-27,    2.04,    1.62,    0.42
2019-06-28,    1.71,    1.25,    0.59
2019-07-01,    0.27,    0.45,    0.81
2019-07-02,   -1.13,   -0.53,    0.27
2019-07-03,    0.54,    0.89,    0.79
2019-07-05,    0.35,    0.20,   -0.14
2019-07-08,   -0.85,   -1.00,   -0.51
2019-07-09,   -0.07,    0.07,    0.22
2019-07-10,    0.14,   -0.02,    0.47
2019-07-11,   -0.56,   -0.14,    0.26
2019-07-12,    0.68,    0.95,    0.49
2019-07-15,   -0.57,   -0.39,    0.02
2019-07-16,   -0.11,    0.10,   -0.37
2019-07-17,   -0.92,   -0.76,   -0.60
2019-07-18,   -0.27,    0.41,    0.37
2019-07-19,   -0.42,   -0.22,   -0.60
2019-07-22,   -0.26,   -0.11,    0.31
2019-07-23,    0.29,    0.78,    0.64
2019-07-24,    1.74,    1.52,    0.54
2019-07-25,   -1.50,   -1.01,   -0.55
2019-07-26,    1.19,    1.00,    0.81
2019-07-29,   -0.71,   -0.76,   -0.25
2019-07-30,    1.36,    0.69,   -0.30
2019-07-31,   -0.67,   -0.90,   -1.12
2019-08-01,   -1.76,   -1.89,   -0.90
2019-08-02,   -1.33,   -1.10,   -0.82
2019-08-05,   -3.08,   -2.96,   -3.07
2019-08-06,    0.55,    1.15,    1.33
2019-08-07,   -0.26,    0.02,    0.08
2019-08-08,    1.76,    2.13,    1.96
2019-08-09,   -1.15,   -1.37,   -0.70
2019-08-12,   -0.93,   -1.58,   -1.28
2019-08-13,    1.07,    1.19,    1.52
2019-08-14,   -2.73,   -3.15,   -2.92
2019-08-15,   -0.70,   -0.34,    0.25
2019-08-16,    2.33,    2.00,    1.48
2019-08-19,    1.16,    1.08,    1.16
2019-08-20,   -0.59,   -0.69,   -0.76
2019-08-21,    0.84,    0.89,    0.86
2019-08-22,   -0.53,   -0.07,   -0.08
2019-08-23,   -3.11,   -2.94,   -2.61
2019-08-26,    1.18,    0.87,    1.12
2019-08-27,   -1.66,   -1.14,   -0.35
2019-08-28,    1.31,    1.08,    0.63
2019-08-29,    1.55,    1.68,    1.32
2019-08-30,   -0.16,    0.05,    0.05
2019-09-03,   -1.55,   -1.52,   -0.76
2019-09-04,    0.68,    1.19,    1.09
2019-09-05,    2.04,    1.80,    1.38
2019-09-06,   -0.25,   -0.39,    0.05
2019-09-09,    1.85,    0.94,   -0.04
2019-09-10,    2.13,    0.95,    0.04
2019-09-11,    2.41,    1.61,    0.76
2019-09-12,   -0.16,   -0.09,    0.27
2019-09-13,    0.30,    0.16,   -0.03
2019-09-16,    0.75,    0.36,   -0.33
2019-09-17,   -0.72,   -0.38,    0.27
2019-09-18,   -0.83,   -0.43,    0.04
2019-09-19,   -0.63,   -0.36,    0.00
2019-09-20,    0.19,   -0.31,   -0.50
2019-09-23,   -0.10,    0.01,   -0.02
2019-09-24,   -1.90,   -1.56,   -0.90
2019-09-25,    0.94,    1.00,    0.67
2019-09-26,   -1.56,   -0.98,   -0.30
2019-09-27,   -0.70,   -0.84,   -0.56
2019-09-30,   -0.08,    0.50,    0.53
2019-10-01,   -2.17,   -1.81,   -1.21
2019-10-02,   -0.94,   -1.41,   -1.79
2019-10-03,    0.16,    0.66,    0.83
2019-10-04,    0.72,    1.03,    1.46
2019-10-07,   -0.30,   -0.31,   -0.41
2019-10-08,   -1.66,   -1.91,   -1.57
2019-10-09,    0.00,    0.77,    0.97
2019-10-10,    0.09,    0.63,    0.62
2019-10-11,    1.62,    1.88,    1.15
2019-10-14,   -0.50,   -0.44,   -0.13
2019-10-15,    1.23,    1.12,    1.02
2019-10-16,    0.30,   -0.18,   -0.25
2019-10-17,    0.99,    0.91,    0.30
2019-10-18,   -0.55,   -0.45,   -0.48
2019-10-21,    1.35,    0.80,    0.70
2019-10-22,    0.24,   -0.05,   -0.36
2019-10-23,    0.25,    0.06,    0.27
2019-10-24,   -0.55,    0.01,    0.29
2019-10-25,    0.82,    0.71,    0.48
2019-10-28,    0.94,    0.70,    0.61
2019-10-29,    0.17,    0.19,   -0.17
2019-10-30,   -0.50,   -0.32,    0.36
2019-10-31,   -0.68,   -0.84,   -0.31
2019-11-01,    1.92,    1.73,    0.99
2019-11-04,    0.95,    0.63,    0.38
2019-11-05,    0.93,    0.22,   -0.06
2019-11-06,   -0.96,   -0.59,    0.04
2019-11-07,    0.60,    0.25,    0.40
2019-11-08,    0.21,    0.41,    0.30
2019-11-11,   -0.41,   -0.19,   -0.18
2019-11-12,   -0.06,    0.08,    0.18
2019-11-13,   -0.52,   -0.29,    0.06
2019-11-14,   -0.17,    0.13,    0.07
2019-11-15,    0.22,    0.65,    0.77
2019-11-18,   -0.11,   -0.23,    0.06
2019-11-19,    0.39,    0.13,    0.00
2019-11-20,   -0.44,   -0.36,   -0.32
2019-11-21,   -0.49,   -0.38,   -0.10
2019-11-22,    0.50,    0.38,    0.23
2019-11-25,    2.17,    1.59,    0.81
2019-11-26,   -0.09,    0.20,    0.19
2019-11-27,    0.57,    0.60,    0.43
2019-11-29,   -0.03,   -0.74,   -0.39
2019-12-02,   -0.84,   -1.00,   -0.84
2019-12-03,   -0.36,   -0.52,   -0.69
2019-12-04,    0.77,    0.78,    0.60
2019-12-05,   -0.17,    0.21,    0.14
2019-12-06,    1.56,    0.92,    0.92
2019-12-09,    0.16,   -0.38,   -0.33
2019-12-10,    0.44,   -0.04,   -0.09
2019-12-11,    0.09,    0.21,    0.30
2019-12-12,    1.31,    1.09,    0.88
2019-12-13,   -0.36,   -0.54,    0.03
2019-12-16,    0.87,    0.70,    0.74
2019-12-17,    0.61,    0.44,    0.05
2019-12-18,    0.26,    0.15,   -0.07
2019-12-19,    0.38,    0.32,    0.44
2019-12-20,    0.28,    0.50,    0.48
2019-12-23,    0.75,   -0.01,    0.10
2019-12-24,    0.64,    0.09,    0.00
2019-12-26,   -0.13,    0.09,    0.55
2019-12-27,   -0.88,   -0.44,   -0.03
2019-12-30,   -0.26,   -0.31,   -0.60
2019-12-31,    0.44,    0.24,    0.28
2020-01-02,   -0.46,    0.23,    0.98
2020-01-03,   -0.58,   -0.44,   -0.70
2020-01-06,    0.26,    0.10,    0.38
2020-01-07,   -0.33,   -0.15,   -0.20
2020-01-08,    0.09,    0.27,    0.50
2020-01-09,    0.04,    0.23,    0.71
2020-01-10,   -0.50,   -0.45,   -0.31
2020-01-13,    0.49,    0.84,    0.72
2020-01-14,    0.37,    0.42,   -0.12
2020-01-15,    0.53,    0.11,    0.16
2020-01-16,    1.58,    1.15,    0.83
2020-01-17,   -0.38,   -0.22,    0.36
2020-01-21,   -0.86,   -0.83,   -0.25
2020-01-22,   -0.17,   -0.02,    0.10
2020-01-23,   -0.08,    0.03,    0.10
2020-01-24,   -1.57,   -1.22,   -0.91
2020-01-27,   -1.22,   -1.36,   -1.59
2020-01-28,    0.64,    1.01,    1.04
2020-01-29,   -0.77,   -0.40,   -0.06
2020-01-30,   -0.41,    0.09,    0.40
2020-01-31,   -2.08,   -2.09,   -1.70
2020-02-03,    0.94,    1.04,    0.81
2020-02-04,    1.21,    1.58,    1.58
2020-02-05,    1.82,    1.25,    0.96
2020-02-06,   -0.14,   -0.50,    0.37
2020-02-07,   -1.37,   -1.10,   -0.47
2020-02-10,    0.61,    0.57,    0.74
2020-02-11,    0.60,    0.68,    0.23
2020-02-12,    0.70,    0.80,    0.66
2020-02-13,   -0.14,    0.20,   -0.12
2020-02-14,   -0.40,   -0.19,    0.19
2020-02-18,    0.02,   -0.35,   -0.19
2020-02-19,    0.81,    0.65,    0.59
2020-02-20,    0.59,    0.17,   -0.41
2020-02-21,   -1.16,   -1.13,   -1.10
2020-02-24,   -3.11,   -3.16,   -3.42
2020-02-25,   -3.48,   -3.45,   -3.04
2020-02-26,   -1.19,   -1.52,   -0.39
2020-02-27,   -3.56,   -3.42,   -4.34
2020-02-28,   -0.60,   -1.18,   -0.76
2020-03-02,    2.47,    2.82,    4.55
2020-03-03,   -2.08,   -2.47,   -2.86
2020-03-04,    2.44,    3.10,    4.17
2020-03-05,   -3.58,   -3.71,   -3.35
2020-03-06,   -2.34,   -1.97,   -1.71
2020-03-09,   -9.55,   -9.37,   -7.56
2020-03-10,    1.64,    3.62,    4.96
2020-03-11,   -6.01,   -6.38,   -4.89
2020-03-12,  -11.41,  -10.42,   -9.51
2020-03-13,    6.44,    7.67,    9.24
2020-03-16,  -13.25,  -13.26,  -11.83
2020-03-17,    6.96,    5.19,    5.91
2020-03-18,  -11.61,   -9.14,   -5.09
2020-03-19,    8.01,    5.14,    0.79
2020-03-20,   -3.17,   -4.17,   -4.23
2020-03-23,   -0.65,   -2.15,   -2.67
2020-03-24,    8.34,   10.39,    9.29
2020-03-25,    1.16,    2.27,    1.06
2020-03-26,    5.88,    5.67,    6.10
2020-03-27,   -4.51,   -3.86,   -3.42
2020-03-30,    2.34,    2.11,    3.30
2020-03-31,    0.40,   -1.06,   -1.51
2020-04-01,   -6.94,   -5.98,   -4.29
2020-04-02,    1.14,    1.13,    2.26
2020-04-03,   -2.97,   -2.84,   -1.52
2020-04-06,    7.45,    8.25,    6.98
2020-04-07,   -0.23,    0.68,   -0.16
2020-04-08,    4.48,    4.60,    3.28
2020-04-09,    4.54,    3.67,    1.33
2020-04-13,   -1.66,   -2.77,   -0.74
2020-04-14,    1.73,    2.25,    3.12
2020-04-15,   -4.12,   -3.77,   -1.98
2020-04-16,   -0.65,   -0.02,    0.68
2020-04-17,    4.58,    4.36,    2.55
2020-04-20,   -0.76,   -1.25,   -1.64
2020-04-21,   -2.01,   -2.72,   -3.13
2020-04-22,    1.54,    1.39,    2.39
2020-04-23,    1.22,    1.21,   -0.02
2020-04-24,    1.64,    1.73,    1.41
2020-04-27,    4.09,    3.94,    1.47
2020-04-28,    1.55,    0.89,   -0.60
2020-04-29,    5.30,    4.46,    2.72
2020-04-30,   -3.60,   -3.16,   -0.93
2020-05-01,   -3.75,   -3.58,   -2.82
2020-05-04,    0.52,    0.41,    0.52
2020-05-05,    0.36,    0.92,    0.94
2020-05-06,   -0.69,   -0.57,   -0.54
2020-05-07,    1.66,    1.74,    1.22
2020-05-08,    3.45,    3.42,    1.73
2020-05-11,   -0.20,   -0.46,    0.08
2020-05-12,   -2.99,   -3.33,   -1.95
2020-05-13,   -3.49,   -3.37,   -1.72
2020-05-14,   -0.33,    1.02,    1.21
2020-05-15,    2.05,    1.28,    0.42
2020-05-18,    5.83,    5.74,    2.99
2020-05-19,   -1.94,   -1.65,   -0.96
2020-05-20,    3.20,    2.53,    1.70
2020-05-21,   -0.11,    0.11,   -0.79
2020-05-22,    0.63,    0.41,    0.25
2020-05-26,    2.46,    2.77,    1.11
2020-05-27,    3.08,    2.67,    1.45
2020-05-28,   -2.54,   -1.89,   -0.24
2020-05-29,   -0.41,   -0.05,    0.63
2020-06-01,    0.74,    1.23,    0.39
2020-06-02,    0.93,    0.90,    0.81
2020-06-03,    2.14,    2.36,    1.32
2020-06-04,    0.69,   -0.02,   -0.35
2020-06-05,    3.59,    2.99,    2.47
2020-06-08,    2.74,    1.99,    1.24
2020-06-09,   -1.58,   -2.05,   -0.72
2020-06-10,   -2.78,   -2.34,   -0.37
2020-06-11,   -7.87,   -7.04,   -5.78
2020-06-12,    2.36,    2.10,    1.19
2020-06-15,    2.67,    1.92,    0.92
2020-06-16,    2.36,    2.22,    1.85
2020-06-17,   -1.84,   -1.28,   -0.31
2020-06-18,    0.21,    0.09,    0.15
2020-06-19,   -0.26,   -0.40,   -0.47
2020-06-22,    1.14,    0.62,    0.68
2020-06-23,    0.58,    0.29,    0.43
2020-06-24,   -2.90,   -3.45,   -2.54
2020-06-25,    1.89,    1.29,    1.09
2020-06-26,   -2.80,   -2.19,   -2.44
2020-06-29,    2.67,    2.34,    1.44
2020-06-30,    1.67,    1.50,    1.59
2020-07-01,   -1.44,   -0.93,    0.58
2020-07-02,    0.21,    0.60,    0.51
2020-07-06,    0.88,    0.90,    1.75
2020-07-07,   -2.35,   -1.72,   -0.92
2020-07-08,    0.46,    0.96,    0.89
2020-07-09,   -2.55,   -1.90,   -0.37
2020-07-10,    1.87,    1.54,    1.06
2020-07-13,   -1.43,   -1.37,   -1.17
2020-07-14,    1.64,    1.66,    1.32
2020-07-15,    3.91,    3.42,    0.87
2020-07-16,   -0.28,   -0.55,   -0.36
2020-07-17,    0.32,    0.24,    0.30
2020-07-20,   -0.35,   -0.17,    1.18
2020-07-21,    2.14,    1.23,    0.01
2020-07-22,   -0.65,    0.36,    0.53
2020-07-23,    0.06,    0.09,   -1.35
2020-07-24,   -1.53,   -1.21,   -0.68
2020-07-27,    0.78,    1.01,    0.87
2020-07-28,   -0.93,   -1.21,   -0.77
2020-07-29,    2.04,    2.11,    1.27
2020-07-30,   -0.22,   -0.57,   -0.26
2020-07-31,   -1.64,   -0.74,    0.79
2020-08-03,    2.03,    1.74,    0.87
2020-08-04,    1.03,    0.53,    0.34
2020-08-05,    1.97,    1.75,    0.66
2020-08-06,   -0.35,   -0.27,    0.63
2020-08-07,    1.98,    1.15,   -0.12
2020-08-10,    2.08,    0.88,    0.13
2020-08-11,   -0.75,   -0.39,   -0.88
2020-08-12,    0.36,    0.44,    1.52
2020-08-13,   -0.16,   -0.05,   -0.02
2020-08-14,   -0.01,   -0.11,   -0.03
2020-08-17,    0.23,    0.28,    0.47
2020-08-18,   -1.28,   -0.87,    0.36
2020-08-19,    0.40,    0.04,   -0.43
2020-08-20,   -0.79,   -0.67,    0.43
2020-08-21,   -1.37,   -0.52,    0.36
2020-08-24,    0.77,    1.30,    0.89
2020-08-25,    0.43,    0.13,    0.37
2020-08-26,   -1.05,   -0.43,    1.18
2020-08-27,   -0.11,    0.46,    0.16
2020-08-28,    1.24,    0.94,    0.66
2020-08-31,   -1.13,   -1.01,    0.07
2020-09-01,    0.75,    1.01,    0.90
2020-09-02,    0.78,    0.95,    1.31
2020-09-03,   -2.67,   -3.23,   -3.74
2020-09-04,   -0.36,   -0.51,   -0.91
2020-09-08,   -1.62,   -2.15,   -3.03
2020-09-09,    1.22,    1.49,    2.15
2020-09-10,   -0.87,   -1.28,   -1.69
2020-09-11,   -0.73,   -0.22,   -0.01
2020-09-14,    2.84,    2.34,    1.48
2020-09-15,   -0.05,   -0.13,    0.65
2020-09-16,    1.18,    0.81,   -0.54
2020-09-17,   -0.24,   -0.53,   -0.89
2020-09-18,    0.56,   -0.65,   -0.95
2020-09-21,   -4.32,   -2.70,   -0.86
2020-09-22,    0.00,    0.80,    1.04
2020-09-23,   -3.67,   -2.43,   -2.45
2020-09-24,   -0.23,   -0.12,    0.31
2020-09-25,    1.47,    1.39,    1.74
2020-09-28,    2.35,    2.18,    1.59
2020-09-29,    0.11,   -0.52,   -0.43
2020-09-30,   -0.15,    0.43,    0.84
2020-10-01,    1.17,    1.33,    0.73
2020-10-02,    0.81,    0.54,   -1.14
2020-10-05,    2.93,    2.70,    1.84
2020-10-06,   -0.52,   -0.36,   -1.39
2020-10-07,    2.61,    2.19,    1.79
2020-10-08,    1.32,    1.06,    0.76
2020-10-09,    0.48,    0.58,    0.97
2020-10-12,    0.31,    0.64,    1.66
2020-10-13,   -0.67,   -0.55,   -0.41
2020-10-14,   -1.08,   -0.44,   -0.66
2020-10-15,    1.03,    0.85,   -0.19
2020-10-16,   -0.16,   -0.18,   -0.05
2020-10-19,   -1.10,   -1.12,   -1.59
2020-10-20,    0.19,    0.27,    0.37
2020-10-21,   -0.81,   -1.00,   -0.28
2020-10-22,    1.58,    1.81,    0.53
2020-10-23,    0.74,    0.59,    0.36
2020-10-26,   -2.65,   -2.20,   -1.80
2020-10-27,   -0.89,   -0.99,   -0.16
2020-10-28,   -2.91,   -2.80,   -3.49
2020-10-29,    1.38,    1.12,    1.12
2020-10-30,   -1.73,   -1.17,   -1.44
2020-11-02,    2.06,    1.84,    1.10
2020-11-03,    3.01,    2.40,    1.85
2020-11-04,   -1.01,    0.12,    2.51
2020-11-05,    2.89,    2.80,    2.02
2020-11-06,   -1.38,   -0.74,    0.10
2020-11-09,    4.50,    3.47,    0.54
2020-11-10,    2.28,    1.18,   -0.31
2020-11-11,   -0.07,    0.04,    0.96
2020-11-12,   -1.48,   -1.59,   -0.87
2020-11-13,    2.01,    2.13,    1.21
2020-11-16,    2.81,    2.20,    1.10
2020-11-17,    0.45,    0.35,   -0.30
2020-11-18,   -0.81,   -1.12,   -0.94
2020-11-19,    0.79,    0.91,    0.53
2020-11-20,    0.37,    0.01,   -0.60
2020-11-23,    2.36,    1.99,    0.64
2020-11-24,    2.47,    1.86,    1.52
2020-11-25,   -0.19,   -0.56,    0.05
2020-11-27,    0.68,    0.48,    0.39
2020-11-30,   -1.71,   -1.76,   -0.37
2020-12-01,    0.74,    0.99,    1.04
2020-12-02,    0.61,   -0.04,    0.16
2020-12-03,    0.73,    0.78,    0.06
2020-12-04,    2.97,    2.13,    0.83
2020-12-07,   -0.14,   -0.18,    0.01
2020-12-08,    1.39,    1.06,    0.37
2020-12-09,   -1.17,   -0.51,   -1.04
2020-12-10,    1.17,    1.03,    0.10
2020-12-11,   -0.83,   -0.44,   -0.12
2020-12-14,   -0.31,   -0.22,   -0.26
2020-12-15,    2.30,    2.12,    1.20
2020-12-16,   -0.21,   -0.41,    0.21
2020-12-17,    1.36,    1.09,    0.70
2020-12-18,   -0.50,   -0.12,   -0.15
2020-12-21,    0.10,    0.09,   -0.33
2020-12-22,    1.14,    0.67,   -0.08
2020-12-23,    1.27,    0.97,    0.00
2020-12-24,   -0.52,   -0.10,    0.31
2020-12-28,   -0.02,   -0.55,    0.68
2020-12-29,   -2.07,   -1.42,   -0.21
2020-12-30,    1.50,    1.08,    0.14
2020-12-31,   -0.23,   -0.22,    0.51
2021-01-04,   -0.54,   -1.37,   -1.37
2021-01-05,    2.29,    1.65,    0.72
2021-01-06,    4.01,    3.75,    0.41
2021-01-07,    2.38,    1.73,    1.67
2021-01-08,   -0.53,   -0.27,    0.60
2021-01-11,    0.31,    0.17,   -0.62
2021-01-12,    2.37,    1.64,    0.13
2021-01-13,   -0.83,   -0.92,    0.18
2021-01-14,    2.97,    1.59,   -0.40
2021-01-15,   -1.58,   -1.47,   -0.73
2021-01-19,    2.20,    1.11,    0.85
2021-01-20,    0.21,    0.53,    1.41
2021-01-21,   -0.85,   -0.73,    0.06
2021-01-22,    1.89,    0.59,   -0.25
2021-01-25,    0.66,   -0.43,    0.35
2021-01-26,    0.12,   -0.93,   -0.26
2021-01-27,   -0.66,   -2.32,   -2.62
2021-01-28,   -1.27,    0.62,    1.05
2021-01-29,   -0.35,   -1.96,   -1.89
2021-02-01,    2.17,    2.28,    1.63
2021-02-02,    0.59,    1.42,    1.52
2021-02-03,    1.57,    0.48,    0.05
2021-02-04,    1.74,    1.79,    1.13
2021-02-05,    1.68,    1.23,    0.47
2021-02-08,    4.27,    2.12,    0.72
2021-02-09,    1.25,    0.27,   -0.06
2021-02-10,   -0.64,   -0.31,   -0.05
2021-02-11,   -0.53,    0.29,    0.22
2021-02-12,    0.63,    0.34,    0.52
2021-02-16,    0.27,   -0.47,   -0.09
2021-02-17,   -0.86,   -0.62,   -0.09
2021-02-18,   -2.52,   -1.52,   -0.44
2021-02-19,    2.50,    2.07,   -0.16
2021-02-22,   -0.72,   -0.59,   -1.09
2021-02-23,   -2.24,   -0.25,    0.03
2021-02-24,    3.50,    1.98,    0.98
2021-02-25,   -3.77,   -3.41,   -2.55
2021-02-26,   -0.60,    0.00,   -0.32
2021-03-01,    4.67,    3.01,    2.50
2021-03-02,   -1.51,   -1.71,   -0.92
2021-03-03,   -0.83,   -1.01,   -1.54
2021-03-04,   -3.25,   -2.52,   -1.46
2021-03-05,    1.90,    2.33,    1.89
2021-03-08,    1.56,    0.24,   -0.76
2021-03-09,    2.88,    1.25,    1.70
2021-03-10,    2.03,    1.45,    0.55
2021-03-11,    2.39,    2.12,    1.20
2021-03-12,    0.72,    0.61,    0.04
2021-03-15,    0.24,    0.78,    0.67
2021-03-16,   -2.16,   -1.50,   -0.18
2021-03-17,    1.02,    0.74,    0.26
2021-03-18,   -2.92,   -2.50,   -1.67
2021-03-19,    1.47,    0.73,    0.09
2021-03-22,   -1.31,   -0.67,    0.76
2021-03-23,   -4.55,   -3.14,   -0.77
2021-03-24,   -3.34,   -1.54,   -0.76
2021-03-25,    3.06,    2.05,    0.46
2021-03-26,    0.86,    1.89,    1.57
2021-03-29,   -3.19,   -2.30,   -0.15
2021-03-30,    2.00,    1.50,   -0.30
2021-03-31,    1.65,    0.66,    0.52
2021-04-01,    1.79,    1.42,    1.24
2021-04-05,    0.39,    0.45,    1.43
2021-04-06,   -0.44,   -0.01,    0.00
2021-04-07,   -1.96,   -1.03,    0.12
2021-04-08,    0.98,    0.59,    0.60
2021-04-09,   -0.24,    0.31,    0.74
2021-04-12,   -1.22,   -0.01,    0.01
2021-04-13,   -0.43,   -0.27,    0.46
2021-04-14,    0.95,    0.74,   -0.46
2021-04-15,   -0.26,    0.52,    1.17
2021-04-16,   -0.28,    0.44,    0.32
2021-04-19,   -1.47,   -1.08,   -0.61
2021-04-20,   -2.56,   -1.85,   -0.74
2021-04-21,    2.98,    2.08,    0.90
2021-04-22,   -0.20,   -0.33,   -0.88
2021-04-23,    1.99,    1.85,    1.13
2021-04-26,    1.82,    0.96,    0.23
2021-04-27,    0.05,    0.20,   -0.05
2021-04-28,    0.68,   -0.01,   -0.10
2021-04-29,   -0.60,   -0.15,    0.56
2021-04-30,   -1.36,   -1.31,   -0.74
2021-05-03,    0.88,    0.64,    0.19
2021-05-04,   -1.38,   -1.05,   -0.79
2021-05-05,   -0.13,   -0.04,    0.00
2021-05-06,   -0.55,    0.06,    0.70
2021-05-07,    1.58,    1.22,    0.76
2021-05-10,   -2.88,   -1.81,   -1.17
2021-05-11,    0.09,   -0.52,   -0.74
2021-05-12,   -3.14,   -3.11,   -2.18
2021-05-13,    1.20,    1.48,    1.13
2021-05-14,    3.03,    2.36,    1.57
2021-05-17,    0.95,    0.03,   -0.31
2021-05-18,   -0.22,   -0.91,   -0.76
2021-05-19,   -0.98,   -0.86,   -0.26
2021-05-20,    0.81,    0.52,    1.18
2021-05-21,    0.61,    0.30,   -0.11
2021-05-24,    0.37,    0.48,    1.03
2021-05-25,   -1.44,   -0.87,   -0.23
2021-05-26,    2.71,    1.40,    0.25
2021-05-27,    1.80,    0.89,    0.11
2021-05-28,   -0.53,   -0.06,    0.09
2021-06-01,    1.84,    0.82,   -0.13
2021-06-02,    0.51,   -0.50,    0.10
2021-06-03,   -0.61,   -0.60,   -0.45
2021-06-04,    0.23,    0.45,    0.96
2021-06-07,    1.96,    0.53,    0.00
2021-06-08,    1.08,    1.02,    0.02
2021-06-09,   -0.62,   -0.89,   -0.19
2021-06-10,   -1.79,   -0.23,    0.52
2021-06-11,    1.05,    0.97,    0.27
2021-06-14,   -0.30,   -0.84,    0.25
2021-06-15,   -0.24,   -0.11,   -0.28
2021-06-16,    0.17,   -0.35,   -0.51
2021-06-17,   -1.38,   -1.59,    0.14
2021-06-18,   -2.18,   -1.87,   -1.18
2021-06-21,    2.11,    2.30,    1.28
2021-06-22,    0.31,    0.31,    0.61
2021-06-23,    0.80,    0.23,   -0.08
2021-06-24,    1.56,    1.13,    0.62
2021-06-25,   -0.24,    0.68,    0.31
2021-06-28,   -0.84,   -0.81,    0.30
2021-06-29,   -0.66,   -0.28,    0.05
2021-06-30,    0.18,    0.20,    0.09
2021-07-01,    0.67,    0.66,    0.40
2021-07-02,   -1.18,   -0.62,    0.75
2021-07-06,   -1.71,   -1.26,   -0.12
2021-07-07,   -1.18,   -0.57,    0.22
2021-07-08,   -0.73,   -1.08,   -0.84
2021-07-09,    2.06,    2.13,    1.13
2021-07-12,    0.29,   -0.02,    0.26
2021-07-13,   -1.83,   -1.68,   -0.38
2021-07-14,   -1.78,   -1.48,   -0.07
2021-07-15,   -0.52,   -0.63,   -0.35
2021-07-16,   -1.16,   -1.18,   -0.71
2021-07-19,   -1.40,   -1.49,   -1.41
2021-07-20,    2.43,    2.80,    1.56
2021-07-21,    1.91,    1.63,    0.85
2021-07-22,   -1.62,   -0.98,    0.27
2021-07-23,    0.08,    0.55,    1.06
2021-07-26,    0.14,    0.16,    0.19
2021-07-27,   -1.20,   -0.96,   -0.60
2021-07-28,    1.65,    1.30,    0.12
2021-07-29,    0.49,    0.72,    0.38
2021-07-30,   -0.71,   -0.44,   -0.68
2021-08-02,    0.07,   -0.36,   -0.11
2021-08-03,    0.12,    0.38,    0.78
2021-08-04,   -1.44,   -0.95,   -0.35
2021-08-05,    1.83,    1.35,    0.67
2021-08-06,    0.67,    0.35,    0.04
2021-08-09,   -0.17,   -0.31,    0.03
2021-08-10,    0.55,    0.22,    0.04
2021-08-11,    0.21,    0.58,    0.17
2021-08-12,   -0.34,   -0.22,    0.32
2021-08-13,   -1.35,   -0.57,    0.11
2021-08-16,   -1.33,   -0.77,    0.09
2021-08-17,   -1.23,   -1.30,   -0.72
2021-08-18,   -0.63,   -0.79,   -1.00
2021-08-19,   -1.51,   -1.18,    0.03
2021-08-20,    1.82,    1.43,    0.84
2021-08-23,    2.26,    1.49,    0.98
2021-08-24,    0.87,    1.16,    0.29
2021-08-25,    0.38,    0.52,    0.24
2021-08-26,   -0.76,   -1.04,   -0.60
2021-08-27,    2.79,    2.29,    0.89
2021-08-30,   -0.69,   -0.33,    0.46
2021-08-31,    0.69,    0.07,   -0.18
2021-09-01,    0.47,    0.54,    0.05
2021-09-02,    0.72,    0.86,    0.28
2021-09-03,   -0.65,   -0.32,    0.02
2021-09-07,   -0.52,   -0.84,   -0.30
2021-09-08,   -1.37,   -0.98,   -0.22
2021-09-09,    0.20,    0.14,   -0.36
2021-09-10,   -0.78,   -0.91,   -0.74
2021-09-13,    0.17,    0.46,    0.13
2021-09-14,   -1.63,   -1.21,   -0.58
2021-09-15,    1.02,    1.24,    0.84
2021-09-16,    0.02,   -0.01,   -0.06
2021-09-17,    0.38,   -0.23,   -0.82
2021-09-20,   -2.70,   -2.11,   -1.80
2021-09-21,    0.33,    0.09,    0.01
2021-09-22,    1.24,    1.33,    0.96
2021-09-23,    1.88,    1.73,    1.22
2021-09-24,   -0.37,   -0.33,    0.16
2021-09-27,    1.94,    1.12,   -0.29
2021-09-28,   -2.05,   -2.07,   -2.18
2021-09-29,   -0.48,   -0.18,    0.09
2021-09-30,   -0.42,   -1.22,   -1.03
2021-10-01,    1.53,    1.47,    1.08
2021-10-04,   -1.18,   -1.07,   -1.45
2021-10-05,    0.52,    0.55,    1.12
2021-10-06,   -0.96,   -0.37,    0.46
2021-10-07,    1.46,    1.51,    0.94
2021-10-08,   -0.55,   -0.66,   -0.21
2021-10-11,   -0.63,   -0.62,   -0.73
2021-10-12,    0.65,    0.57,   -0.17
2021-10-13,    0.12,    0.44,    0.42
2021-10-14,    0.90,    1.68,    1.67
2021-10-15,   -0.53,   -0.20,    0.76
2021-10-18,   -0.39,    0.15,    0.45
2021-10-19,    0.26,    0.45,    0.74
2021-10-20,    0.63,    0.52,    0.32
2021-10-21,    0.16,    0.40,    0.36
2021-10-22,   -0.28,    0.00,   -0.27
2021-10-25,    0.93,    0.72,    0.53
2021-10-26,   -0.62,   -0.76,    0.15
2021-10-27,   -1.82,   -1.85,   -0.60
2021-10-28,    1.88,    1.80,    1.01
2021-10-29,    0.25,   -0.05,    0.23
2021-11-01,    2.62,    2.21,    0.24
2021-11-02,   -0.12,    0.04,    0.29
2021-11-03,    1.90,    1.31,    0.69
2021-11-04,   -0.41,   -0.15,    0.46
2021-11-05,    1.27,    0.96,    0.29
2021-11-08,    0.24,    0.30,    0.13
2021-11-09,   -0.56,   -0.32,   -0.33
2021-11-10,   -1.41,   -1.58,   -0.95
2021-11-11,    0.76,    0.50,    0.12
2021-11-12,    0.08,    0.38,    0.79
2021-11-15,   -0.64,   -0.29,   -0.01
2021-11-16,   -0.08,    0.29,    0.46
2021-11-17,   -1.31,   -1.07,   -0.32
2021-11-18,   -1.07,   -0.68,    0.28
2021-11-19,   -1.12,   -0.86,   -0.16
2021-11-22,   -0.57,   -0.45,   -0.54
2021-11-23,   -0.17,   -0.15,    0.04
2021-11-24,    0.27,    0.19,    0.30
2021-11-26,   -3.29,   -3.08,   -2.13
2021-11-29,   -0.72,    0.02,    1.25
2021-11-30,   -1.40,   -2.29,   -1.92
2021-12-01,   -2.19,   -2.20,   -1.47
2021-12-02,    2.43,    2.63,    1.42
2021-12-03,   -2.41,   -1.87,   -1.03
2021-12-06,    1.71,    1.91,    1.11
2021-12-07,    2.23,    2.27,    2.18
2021-12-08,    0.94,    0.66,    0.40
2021-12-09,   -2.09,   -1.95,   -0.87
2021-12-10,   -0.49,   -0.22,    0.86
2021-12-13,   -1.51,   -1.23,   -1.00
2021-12-14,   -1.14,   -0.69,   -0.73
2021-12-15,    1.71,    1.32,    1.65
2021-12-16,   -1.53,   -1.60,   -1.08
2021-12-17,    0.83,    0.54,   -0.82
2021-12-20,   -1.29,   -1.79,   -1.18
2021-12-21,    2.47,    3.00,    1.93
2021-12-22,    0.98,    0.80,    0.99
2021-12-23,    1.12,    0.88,    0.67
2021-12-27,    0.63,    0.99,    1.26
2021-12-28,   -0.87,   -0.38,   -0.20
2021-12-29,   -0.27,    0.14,    0.08
2021-12-30,    0.30,   -0.01,   -0.22
2021-12-31,   -0.10,   -0.09,   -0.33
2022-01-03,    1.67,    0.73,    0.69
2022-01-04,   -0.28,    0.06,   -0.25
2022-01-05,   -2.85,   -2.89,   -2.10
2022-01-06,    0.41,    0.51,   -0.04
2022-01-07,   -1.00,   -0.89,   -0.42
2022-01-10,   -0.50,   -0.37,   -0.10
2022-01-11,    0.92,    1.26,    1.04
2022-01-12,   -0.94,   -0.46,    0.21
2022-01-13,   -0.78,   -0.76,   -1.58
2022-01-14,    0.40,   -0.14,    0.10
2022-01-18,   -2.78,   -2.69,   -1.95
2022-01-19,   -1.52,   -1.38,   -0.96
2022-01-20,   -2.00,   -1.62,   -1.08
2022-01-21,   -1.77,   -2.02,   -2.08
2022-01-24,    1.94,    2.03,    0.34
2022-01-25,   -0.77,   -1.67,   -1.37
2022-01-26,   -1.40,   -1.08,   -0.19
2022-01-27,   -2.29,   -1.76,   -0.57
2022-01-28,    1.49,    1.92,    2.51
2022-01-31,    3.04,    2.93,    2.15
2022-02-01,    1.17,    1.26,    0.80
2022-02-02,   -1.46,   -0.58,    0.72
2022-02-03,   -1.71,   -1.90,   -2.53
2022-02-04,    0.90,    0.63,    0.86
2022-02-07,    0.72,    0.29,   -0.33
2022-02-08,    1.54,    1.79,    0.92
2022-02-09,    1.40,    1.97,    1.53
2022-02-10,   -1.35,   -1.41,   -1.73
2022-02-11,   -0.75,   -1.23,   -1.96
2022-02-14,   -0.59,   -0.51,   -0.34
2022-02-15,    2.72,    2.66,    1.70
2022-02-16,   -0.02,    0.14,   -0.02
2022-02-17,   -1.92,   -2.57,   -2.22
2022-02-18,   -0.97,   -0.81,   -0.83
2022-02-22,   -1.31,   -1.51,   -1.11
2022-02-23,   -1.43,   -2.00,   -1.93
2022-02-24,    2.01,    2.23,    1.74
2022-02-25,    2.00,    2.63,    2.22
2022-02-28,    0.32,    0.42,   -0.05
2022-03-01,   -1.76,   -1.94,   -1.49
2022-03-02,    2.50,    2.40,    1.78
2022-03-03,   -0.84,   -1.25,   -0.77
2022-03-04,   -1.34,   -1.88,   -0.96
2022-03-07,   -1.54,   -3.34,   -3.11
2022-03-08,    0.49,    0.47,   -0.69
2022-03-09,    2.43,    3.00,    2.73
2022-03-10,    0.06,   -0.26,   -0.48
2022-03-11,   -1.56,   -1.42,   -1.44
2022-03-14,   -2.11,   -1.57,   -0.89
2022-03-15,    0.79,    1.67,    2.20
2022-03-16,    2.75,    3.30,    2.45
2022-03-17,    1.99,    1.53,    1.38
2022-03-18,    0.79,    1.13,    1.31
2022-03-21,   -0.90,   -0.46,   -0.10
2022-03-22,    1.11,    1.00,    1.30
2022-03-23,   -1.44,   -1.66,   -1.20
2022-03-24,    1.04,    1.10,    1.45
2022-03-25,   -0.10,    0.23,    0.34
2022-03-28,   -0.59,   -0.09,    0.81
2022-03-29,    2.14,    2.34,    1.26
2022-03-30,   -1.74,   -1.57,   -0.69
2022-03-31,   -0.66,   -1.24,   -1.59
2022-04-01,    1.08,    0.79,    0.33
2022-04-04,    0.40,    0.28,    0.97
2022-04-05,   -2.03,   -2.06,   -1.42
2022-04-06,   -1.21,   -1.43,   -1.16
2022-04-07,   -0.24,   -0.15,    0.42
2022-04-08,   -0.65,   -0.36,   -0.34
2022-04-11,   -1.03,   -0.48,   -1.65
2022-04-12,    0.37,    0.04,   -0.33
2022-04-13,    1.98,    1.83,    1.28
2022-04-14,   -0.74,   -0.81,   -1.30
2022-04-18,   -0.71,   -0.58,   -0.11
2022-04-19,    1.60,    2.16,    1.69
2022-04-20,    0.27,    0.42,   -0.29
2022-04-21,   -2.40,   -2.29,   -1.61
2022-04-22,   -2.29,   -2.69,   -2.77
2022-04-25,    0.31,    0.79,    0.67
2022-04-26,   -2.80,   -3.24,   -2.91
2022-04-27,   -0.37,   -0.09,    0.16
2022-04-28,    1.44,    1.93,    2.51
2022-04-29,   -2.17,   -2.71,   -3.64
2022-05-02,    1.03,    1.13,    0.72
2022-05-03,    0.74,    0.86,    0.39
2022-05-04,    2.15,    2.88,    3.04
2022-05-05,   -3.42,   -3.87,   -3.73
2022-05-06,   -1.58,   -1.56,   -0.70
2022-05-09,   -3.99,   -4.23,   -3.32
2022-05-10,   -0.31,   -0.36,    0.30
2022-05-11,   -2.09,   -2.12,   -1.84
2022-05-12,    1.00,    1.13,   -0.01
2022-05-13,    2.87,    3.23,    2.58
2022-05-16,    0.01,   -0.64,   -0.55
2022-05-17,    2.94,    3.07,    1.98
2022-05-18,   -3.16,   -3.75,   -4.10
2022-05-19,   -0.23,    0.22,   -0.46
2022-05-20,   -0.16,   -0.17,   -0.02
2022-05-23,    1.17,    1.20,    1.82
2022-05-24,   -1.46,   -1.67,   -1.08
2022-05-25,    1.69,    2.08,    1.08
2022-05-26,    1.88,    2.33,    2.14
2022-05-27,    2.49,    2.46,    2.54
2022-05-31,   -1.00,   -1.16,   -0.63
2022-06-01,   -0.17,   -0.75,   -0.75
2022-06-02,    2.04,    2.43,    1.99
2022-06-03,   -0.38,   -0.87,   -1.70
2022-06-06,    0.09,    0.54,    0.36
2022-06-07,    1.60,    1.26,    0.97
2022-06-08,   -0.95,   -1.49,   -0.99
2022-06-09,   -1.97,   -2.19,   -2.43
2022-06-10,   -2.60,   -2.93,   -2.98
2022-06-13,   -4.40,   -4.68,   -3.98
2022-06-14,    0.01,   -0.31,   -0.26
2022-06-15,    1.31,    1.27,    1.52
2022-06-16,   -3.96,   -4.95,   -3.31
2022-06-17,    0.87,    0.93,    0.35
2022-06-21,    2.00,    1.60,    2.47
2022-06-22,   -0.47,   -0.39,   -0.16
2022-06-23,    0.54,    0.96,    1.11
2022-06-24,    1.93,    3.48,    3.13
2022-06-27,    0.76,    0.34,   -0.33
2022-06-28,   -1.50,   -1.62,   -2.10
2022-06-29,   -1.20,   -0.97,   -0.05
2022-06-30,   -0.36,   -0.96,   -0.95
2022-07-01,    1.21,    1.28,    1.14
2022-07-05,    1.78,    0.90,    0.41
2022-07-06,   -0.60,   -0.86,    0.29
2022-07-07,    2.88,    2.59,    1.66
2022-07-08,    0.37,   -0.25,   -0.06
2022-07-11,   -2.60,   -1.89,   -1.29
2022-07-12,    0.12,   -0.34,   -0.96
2022-07-13,    0.17,   -0.27,   -0.41
2022-07-14,   -1.33,   -1.15,   -0.31
2022-07-15,    1.92,    2.14,    1.95
2022-07-18,   -0.36,   -0.17,   -0.77
2022-07-19,    3.26,    3.44,    2.74
2022-07-20,    2.07,    1.73,    0.78
2022-07-21,    0.22,    0.66,    1.03
2022-07-22,   -2.55,   -1.44,   -1.11
2022-07-25,    0.26,    0.33,    0.10
2022-07-26,   -0.95,   -1.06,   -1.35
2022-07-27,    2.44,    2.46,    2.76
2022-07-28,    0.72,    1.43,    1.19
2022-07-29,    0.33,    0.95,    1.53
2022-08-01,   -0.02,    0.05,   -0.22
2022-08-02,    0.74,   -0.27,   -0.54
2022-08-03,    2.03,    1.58,    1.68
2022-08-04,    0.69,   -0.21,   -0.05
2022-08-05,    1.15,    0.80,   -0.15
2022-08-08,    1.22,    0.95,   -0.12
2022-08-09,   -2.09,   -1.75,   -0.51
2022-08-10,    3.29,    2.94,    2.28
2022-08-11,    0.25,    0.26,   -0.10
2022-08-12,    2.33,    1.81,    1.75
2022-08-15,    0.37,    0.20,    0.41
2022-08-16,   -0.03,    0.25,    0.20
2022-08-17,   -2.05,   -1.79,   -0.79
2022-08-18,    0.28,    0.64,    0.25
2022-08-19,   -2.82,   -2.08,   -1.38
2022-08-22,   -2.16,   -2.14,   -2.12
2022-08-23,    0.49,    0.08,   -0.14
2022-08-24,    1.18,    0.76,    0.34
2022-08-25,    1.30,    1.64,    1.45
2022-08-26,   -3.33,   -3.40,   -3.36
2022-08-29,   -0.99,   -0.84,   -0.68
2022-08-30,   -1.58,   -1.21,   -1.08
2022-08-31,   -0.24,   -0.63,   -0.76
2022-09-01,   -0.94,   -1.01,    0.19
2022-09-02,   -0.77,   -0.66,   -1.01
2022-09-06,   -1.19,   -0.82,   -0.45
2022-09-07,    2.27,    2.47,    1.86
2022-09-08,    0.94,    1.05,    0.75
2022-09-09,    1.76,    2.07,    1.64
2022-09-12,    1.06,    1.26,    1.05
2022-09-13,   -3.52,   -4.02,   -4.33
2022-09-14,    0.27,    0.32,    0.46
2022-09-15,   -0.53,   -0.61,   -1.08
2022-09-16,   -1.99,   -1.82,   -0.85
2022-09-19,    0.06,    0.95,    0.73
2022-09-20,   -1.44,   -1.59,   -1.09
2022-09-21,   -1.42,   -1.34,   -1.71
2022-09-22,   -2.20,   -2.44,   -0.97
2022-09-23,   -2.46,   -2.21,   -1.79
2022-09-26,   -0.99,   -1.43,   -0.97
2022-09-27,    0.80,    0.43,   -0.10
2022-09-28,    3.33,    2.98,    2.04
2022-09-29,   -2.34,   -2.22,   -2.13
2022-09-30,   -0.38,   -0.87,   -1.50
2022-10-03,    1.84,    2.92,    2.56
2022-10-04,    3.83,    4.19,    3.20
2022-10-05,   -0.63,   -0.50,   -0.16
2022-10-06,   -0.28,   -0.52,   -0.89
2022-10-07,   -3.08,   -2.90,   -2.87
2022-10-10,   -0.86,   -0.73,   -0.79
2022-10-11,   -0.10,   -0.27,   -0.74
2022-10-12,   -0.07,   -0.43,   -0.25
2022-10-13,    2.06,    2.07,    2.48
2022-10-14,   -2.53,   -2.56,   -2.42
2022-10-17,    2.85,    3.07,    2.71
2022-10-18,    0.89,    1.47,    1.18
2022-10-19,   -1.76,   -1.95,   -0.72
2022-10-20,   -0.65,   -1.29,   -0.75
2022-10-21,    1.99,    2.11,    2.34
2022-10-24,    0.11,    0.55,    1.12
2022-10-25,    2.81,    2.70,    1.66
2022-10-26,    0.55,    0.16,   -0.76
2022-10-27,   -0.32,    0.11,   -0.59
2022-10-28,    2.28,    1.96,    2.38
2022-10-31,   -0.02,   -0.14,   -0.74
2022-11-01,    0.25,    0.16,   -0.39
2022-11-02,   -3.04,   -3.33,   -2.57
2022-11-03,   -0.66,   -0.54,   -1.07
2022-11-04,    0.49,    1.01,    1.24
2022-11-07,    0.24,    0.78,    0.92
2022-11-08,   -0.16,    0.22,    0.57
2022-11-09,   -3.08,   -2.43,   -2.18
2022-11-10,    5.84,    6.32,    5.61
2022-11-11,    1.37,    1.28,    1.04
2022-11-14,   -1.12,   -1.21,   -0.89
2022-11-15,    1.17,    1.66,    0.98
2022-11-16,   -2.24,   -1.88,   -0.89
2022-11-17,   -0.90,   -0.69,   -0.36
2022-11-18,    0.09,    0.44,    0.42
2022-11-21,   -0.86,   -0.49,   -0.49
2022-11-22,    0.79,    1.41,    1.39
2022-11-23,    0.43,    0.46,    0.65
2022-11-25,    0.24,    0.31,   -0.05
2022-11-28,   -2.13,   -1.89,   -1.48
2022-11-29,    0.18,    0.20,   -0.21
2022-11-30,    2.64,    2.76,    3.17
2022-12-01,    0.00,    0.10,   -0.03
2022-12-02,    0.77,    0.36,   -0.13
2022-12-05,   -2.55,   -2.70,   -1.91
2022-12-06,   -1.29,   -1.46,   -1.49
2022-12-07,   -0.35,   -0.40,   -0.20
2022-12-08,    0.75,    0.74,    0.77
2022-12-09,   -1.26,   -1.04,   -0.75
2022-12-12,    1.04,    1.36,    1.44
2022-12-13,    0.74,    0.70,    0.67
2022-12-14,   -0.27,   -0.53,   -0.56
2022-12-15,   -2.26,   -2.52,   -2.55
2022-12-16,   -0.35,   -0.78,   -1.04
2022-12-19,   -1.73,   -1.45,   -0.91
2022-12-20,    0.65,    0.46,    0.10
2022-12-21,    1.51,    1.77,    1.52
2022-12-22,   -1.07,   -1.38,   -1.51
2022-12-23,   -0.08,    0.49,    0.56
2022-12-27,   -1.29,   -0.46,   -0.45
2022-12-28,   -0.95,   -1.61,   -1.20
2022-12-29,    3.16,    2.43,    1.79
2022-12-30,    0.42,   -0.27,   -0.21
2023-01-03,   -0.53,   -0.49,   -0.45
2023-01-04,    1.44,    1.51,    0.74
2023-01-05,   -0.88,   -1.04,   -1.12
2023-01-06,    1.93,    2.34,    2.23
2023-01-09,    0.58,    0.39,   -0.01
2023-01-10,    1.88,    1.34,    0.73
2023-01-11,    0.98,    1.27,    1.26
2023-01-12,    2.16,    1.23,    0.35
2023-01-13,    0.73,    0.64,    0.45
2023-01-17,   -0.18,   -0.15,   -0.17
2023-01-18,   -1.66,   -1.32,   -1.55
2023-01-19,   -0.92,   -1.20,   -0.80
2023-01-20,    1.85,    1.93,    1.96
2023-01-23,    1.14,    1.50,    1.27
2023-01-24,   -0.07,   -0.44,   -0.11
2023-01-25,    0.26,    0.18,   -0.01
2023-01-26,    0.26,    0.84,    1.15
2023-01-27,    0.74,    0.55,    0.32
2023-01-30,   -1.37,   -1.29,   -1.36
2023-01-31,    2.40,    2.47,    1.48
2023-02-01,    1.22,    1.86,    1.12
2023-02-02,    2.34,    1.70,    1.50
2023-02-03,   -0.59,   -0.88,   -1.08
2023-02-06,   -1.11,   -1.37,   -0.64
2023-02-07,    0.57,    0.93,    1.31
2023-02-08,   -1.84,   -1.26,   -1.14
2023-02-09,   -1.60,   -1.29,   -0.87
2023-02-10,   -0.11,   -0.16,    0.19
2023-02-13,    0.61,    1.30,    1.16
2023-02-14,    0.16,    0.25,    0.11
2023-02-15,    1.37,    1.09,    0.43
2023-02-16,   -0.99,   -1.05,   -1.37
2023-02-17,    0.39,   -0.08,   -0.30
2023-02-21,   -3.21,   -2.73,   -2.04
2023-02-22,    0.29,    0.40,   -0.08
2023-02-23,    0.46,    0.48,    0.49
2023-02-24,   -1.55,   -0.73,   -1.07
2023-02-27,    0.31,    0.28,    0.33
2023-02-28,    0.34,    0.00,   -0.29
2023-03-01,    0.00,    0.28,   -0.47
2023-03-02,    0.06,    0.33,    0.74
2023-03-03,    1.59,    1.41,    1.64
2023-03-06,   -1.85,   -1.28,    0.05
2023-03-07,   -0.61,   -1.11,   -1.49
2023-03-08,   -0.07,    0.00,    0.11
2023-03-09,   -3.06,   -2.68,   -1.89
2023-03-10,   -3.43,   -2.78,   -1.50
2023-03-13,   -1.56,   -1.80,   -0.17
2023-03-14,    1.52,    1.80,    1.72
2023-03-15,   -1.63,   -1.72,   -0.67
2023-03-16,    1.22,    1.70,    1.80
2023-03-17,   -2.42,   -2.31,   -1.06
2023-03-20,    0.13,    1.19,    0.86
2023-03-21,    2.20,    2.08,    1.42
2023-03-22,   -2.69,   -2.49,   -1.62
2023-03-23,   -0.32,   -0.33,    0.28
2023-03-24,    0.38,    0.57,    0.47
2023-03-27,    0.97,    0.88,    0.23
2023-03-28,   -0.13,    0.14,   -0.17
2023-03-29,    1.16,    1.25,    1.42
2023-03-30,   -0.32,    0.13,    0.57
2023-03-31,    1.90,    1.92,    1.49
2023-04-03,    0.29,   -0.09,    0.36
2023-04-04,   -1.99,   -1.69,   -0.59
2023-04-05,   -1.52,   -1.04,   -0.27
2023-04-06,    0.62,    0.04,    0.38
2023-04-10,    1.03,    1.23,    0.10
2023-04-11,    0.80,    0.83,    0.00
2023-04-12,   -1.03,   -0.68,   -0.45
2023-04-13,    1.64,    1.03,    1.42
2023-04-14,   -1.03,   -0.59,   -0.14
2023-04-17,    1.67,    0.76,    0.27
2023-04-18,   -0.44,   -0.10,    0.09
2023-04-19,    0.30,    0.22,   -0.06
2023-04-20,   -0.72,   -0.50,   -0.59
2023-04-21,    0.19,    0.12,    0.08
2023-04-24,   -0.44,   -0.11,    0.05
2023-04-25,   -2.50,   -2.28,   -1.65
2023-04-26,   -0.56,   -0.85,   -0.37
2023-04-27,    0.84,    1.41,    1.93
2023-04-28,    1.09,    0.87,    0.79
2023-05-01,    0.52,    0.09,   -0.02
2023-05-02,   -2.33,   -1.83,   -1.18
2023-05-03,    0.81,   -0.09,   -0.64
2023-05-04,   -1.02,   -1.47,   -0.71
2023-05-05,    2.35,    2.37,    1.87
2023-05-08,   -0.22,   -0.14,    0.12
2023-05-09,    0.25,   -0.35,   -0.43
2023-05-10,    0.42,    0.25,    0.45
2023-05-11,   -0.85,   -0.74,   -0.12
2023-05-12,   -0.33,   -0.05,   -0.21
2023-05-15,    1.32,    1.30,    0.38
2023-05-16,   -1.35,   -1.50,   -0.62
2023-05-17,    2.29,    1.93,    1.25
2023-05-18,    0.48,    0.91,    1.02
2023-05-19,   -0.26,   -0.88,   -0.18
2023-05-22,    1.49,    0.93,    0.07
2023-05-23,   -0.20,   -0.89,   -1.11
2023-05-24,   -1.03,   -1.08,   -0.67
2023-05-25,   -1.40,   -0.28,    0.78
2023-05-26,    0.94,    1.00,    1.36
2023-05-30,   -0.37,   -0.14,    0.01
2023-05-31,   -0.50,   -1.13,   -0.55
2023-06-01,    1.03,    1.06,    1.04
2023-06-02,    3.26,    3.21,    1.47
2023-06-05,   -0.81,   -1.08,   -0.16
2023-06-06,    2.79,    2.34,    0.26
2023-06-07,    1.56,    1.33,   -0.49
2023-06-08,   -0.32,   -0.23,    0.70
2023-06-09,   -0.87,   -0.66,    0.13
2023-06-12,    0.69,    0.65,    0.98
2023-06-13,    1.38,    1.23,    0.69
2023-06-14,   -1.43,   -0.83,    0.08
2023-06-15,    0.70,    0.95,    1.28
2023-06-16,   -0.88,   -0.59,   -0.40
2023-06-20,   -0.12,   -0.54,   -0.48
2023-06-21,   -0.33,   -0.28,   -0.55
2023-06-22,   -0.77,   -0.52,    0.43
2023-06-23,   -1.33,   -1.26,   -0.76
2023-06-26,   -1.00,    0.35,   -0.50
2023-06-27,    0.83,    1.80,    1.18
2023-06-28,    0.79,    0.26,    0.01
2023-06-29,    0.95,    1.08,    0.40
2023-06-30,    0.37,    0.57,    1.23
2023-07-03,    0.72,    0.36,    0.15
2023-07-05,   -1.34,   -1.01,   -0.18
2023-07-06,   -1.68,   -1.38,   -0.86
2023-07-07,    1.78,    1.01,   -0.24
2023-07-10,    1.53,    1.59,    0.25
2023-07-11,    0.89,    1.20,    0.74
2023-07-12,    1.06,    0.98,    0.74
2023-07-13,    0.69,    0.77,    0.94
2023-07-14,   -1.43,   -1.07,   -0.12
2023-07-17,    1.29,    0.83,    0.46
2023-07-18,    1.28,    1.08,    0.77
2023-07-19,    0.68,    0.50,    0.24
2023-07-20,   -1.02,   -0.86,   -0.78
2023-07-21,   -0.34,   -0.33,    0.01
2023-07-24,    0.17,    0.18,    0.35
2023-07-25,   -0.53,    0.13,    0.30
2023-07-26,    1.25,    0.56,   -0.04
2023-07-27,   -1.68,   -1.21,   -0.65
2023-07-28,    1.56,    1.44,    1.12
2023-07-31,    1.34,    1.03,    0.18
2023-08-01,   -0.45,   -0.51,   -0.30
2023-08-02,   -1.47,   -1.47,   -1.47
2023-08-03,    0.04,   -0.29,   -0.17
2023-08-04,    0.09,   -0.22,   -0.49
2023-08-07,   -0.60,    0.30,    0.87
2023-08-08,   -0.30,   -0.72,   -0.43
2023-08-09,   -1.06,   -0.68,   -0.76
2023-08-10,   -0.43,   -0.27,    0.07
2023-08-11,    0.26,    0.12,   -0.12
2023-08-14,   -0.61,    0.00,    0.60
2023-08-15,   -1.45,   -1.33,   -1.14
2023-08-16,   -1.43,   -1.13,   -0.74
2023-08-17,   -0.67,   -1.27,   -0.81
2023-08-18,    0.35,    0.47,    0.02
2023-08-21,   -0.54,    0.07,    0.73
2023-08-22,   -0.52,   -0.51,   -0.28
2023-08-23,    0.85,    1.01,    1.11
2023-08-24,   -1.36,   -1.16,   -1.42
2023-08-25,    0.05,    0.46,    0.70
2023-08-28,    0.73,    0.80,    0.63
2023-08-29,    1.22,    1.51,    1.52
2023-08-30,    0.30,    0.45,    0.43
2023-08-31,   -0.36,    0.05,   -0.06
2023-09-01,    1.24,    1.05,    0.19
2023-09-05,   -1.96,   -2.05,   -0.36
2023-09-06,   -0.80,   -0.40,   -0.71
2023-09-07,   -1.07,   -1.01,   -0.31
2023-09-08,   -0.32,   -0.18,    0.18
2023-09-11,    0.25,    0.09,    0.74
2023-09-12,   -0.16,   -0.03,   -0.62
2023-09-13,   -1.01,   -0.71,    0.14
2023-09-14,    1.60,    1.18,    0.81
2023-09-15,   -0.92,   -0.93,   -1.22
2023-09-18,   -1.17,   -0.44,    0.04
2023-09-19,   -0.33,   -0.42,   -0.22
2023-09-20,   -0.91,   -0.76,   -0.94
2023-09-21,   -1.20,   -1.69,   -1.66
2023-09-22,   -0.46,   -0.25,   -0.22
2023-09-25,    0.28,    0.43,    0.41
2023-09-26,   -1.04,   -1.34,   -1.45
2023-09-27,    0.93,    0.79,    0.07
2023-09-28,    0.55,    0.95,    0.65
2023-09-29,   -0.06,   -0.30,   -0.26
2023-10-02,   -1.69,   -1.45,    0.03
2023-10-03,   -1.49,   -1.78,   -1.44
2023-10-04,    0.06,    0.38,    0.84
2023-10-05,    0.38,   -0.16,   -0.13
2023-10-06,    0.56,    0.93,    1.27
2023-10-09,   -0.06,    0.63,    0.62
2023-10-10,    1.29,    1.07,    0.57
2023-10-11,   -0.64,    0.02,    0.39
2023-10-12,   -2.44,   -2.07,   -0.65
2023-10-13,   -0.80,   -0.72,   -0.55
2023-10-16,    1.53,    1.67,    1.10
2023-10-17,    1.28,    1.23,    0.00
2023-10-18,   -2.25,   -2.13,   -1.36
2023-10-19,   -1.48,   -1.36,   -0.84
2023-10-20,   -1.20,   -1.18,   -1.31
2023-10-23,   -1.22,   -0.92,   -0.14
2023-10-24,    0.82,    0.83,    0.75
2023-10-25,   -1.41,   -1.72,   -1.53
2023-10-26,    0.49,    0.32,   -1.27
2023-10-27,   -1.41,   -1.30,   -0.43
2023-10-30,    1.20,    0.66,    1.21
2023-10-31,    0.83,    0.94,    0.62
2023-11-01,   -0.13,    0.43,    1.01
2023-11-02,    3.01,    2.38,    1.91
2023-11-03,    3.05,    2.50,    0.97
2023-11-06,   -1.41,   -1.21,    0.17
2023-11-07,   -0.07,   -0.02,    0.41
2023-11-08,   -1.23,   -0.82,    0.08
2023-11-09,   -2.13,   -1.32,   -0.80
2023-11-10,    0.44,    1.15,    1.56
2023-11-13,    0.06,   -0.06,   -0.03
2023-11-14,    5.60,    4.72,    1.93
2023-11-15,    0.35,    0.53,    0.18
2023-11-16,   -1.67,   -1.30,    0.04
2023-11-17,    1.75,    1.14,    0.17
2023-11-20,    0.62,    0.47,    0.78
2023-11-21,   -1.47,   -0.91,   -0.17
2023-11-22,    0.60,    0.69,    0.42
2023-11-24,    1.18,    0.54,    0.07
2023-11-27,   -0.74,   -0.18,   -0.20
2023-11-28,   -0.45,   -0.36,    0.12
2023-11-29,    0.96,    0.74,   -0.04